大话西游之大圣娶亲,9.2,中国大陆,喜剧,https://movie.douban.com/subject/1292213/,https://img3.doubanio.com/view/photo/s_ratio_poster/public/p2455050536.jpg
狐妖小红娘剧场版：王权富贵,9.2,中国大陆,喜剧,https://movie.douban.com/subject/26946612/,https://img3.doubanio.com/view/photo/s_ratio_poster/public/p2409467410.jpg
我不是药神,9.0,中国大陆,喜剧,https://movie.douban.com/subject/26752088/,https://img3.doubanio.com/view/photo/s_ratio_poster/public/p2561305376.jpg
大话西游之月光宝盒,9.0,中国大陆,喜剧,https://movie.douban.com/subject/1299398/,https://img3.doubanio.com/view/photo/s_ratio_poster/public/p2561721372.jpg
霹霹乐翻天,9.0,中国大陆,喜剧,https://movie.douban.com/subject/4820432/,https://img3.doubanio.com/view/subject/l/public/s4347260.jpg
福尔摩斯二世,9.4,美国,喜剧,https://movie.douban.com/subject/1303408/,https://img1.doubanio.com/view/photo/s_ratio_poster/public/p2206737207.jpg
吉米·鸡毛逊毙了！马达翻身当主持,9.4,美国,喜剧,https://movie.douban.com/subject/26721341/,https://img3.doubanio.com/view/photo/s_ratio_poster/public/p2315824435.jpg
演员工作室：老爸老妈的浪漫史,9.4,美国,喜剧,https://movie.douban.com/subject/25855990/,https://img3.doubanio.com/view/photo/s_ratio_poster/public/p2176444996.jpg
南方公园之梦想国度,9.4,美国,喜剧,https://movie.douban.com/subject/5179539/,https://img3.doubanio.com/view/subject/l/public/s5293436.jpg
拜访森林,9.4,美国,喜剧,https://movie.douban.com/subject/25741291/,https://img3.doubanio.com/view/photo/s_ratio_poster/public/p2155898916.jpg
查理布朗男孩,9.4,美国,喜剧,https://movie.douban.com/subject/1295406/,https://img1.doubanio.com/view/photo/s_ratio_poster/public/p577559527.jpg
杰夫·敦哈姆：星星之火让人抓狂,9.4,美国,喜剧,https://movie.douban.com/subject/2363526/,https://img3.doubanio.com/view/photo/s_ratio_poster/public/p2515501982.jpg
摩登时代,9.3,美国,喜剧,https://movie.douban.com/subject/1294371/,https://img3.doubanio.com/view/photo/s_ratio_poster/public/p2173707976.jpg
城市之光,9.3,美国,喜剧,https://movie.douban.com/subject/1293908/,https://img1.doubanio.com/view/photo/s_ratio_poster/public/p2170238828.jpg
乔治 卡林：王者归来,9.3,美国,喜剧,https://movie.douban.com/subject/3054636/,https://img3.doubanio.com/view/photo/s_ratio_poster/public/p2508661214.jpg
博弈论,9.3,美国,喜剧,https://movie.douban.com/subject/3272459/,https://img3.doubanio.com/view/photo/s_ratio_poster/public/p2254959230.jpg
平方根：海绵宝宝的故事,9.3,美国,喜剧,https://movie.douban.com/subject/4001873/,https://img3.doubanio.com/view/subject/l/public/s3956255.jpg
疯狂动物城,9.2,美国,喜剧,https://movie.douban.com/subject/25662329/,https://img1.doubanio.com/view/photo/s_ratio_poster/public/p2315672647.jpg
寻子遇仙记,9.2,美国,喜剧,https://movie.douban.com/subject/1293270/,https://img3.doubanio.com/view/photo/s_ratio_poster/public/p2506524685.jpg
你逃我也逃,9.2,美国,喜剧,https://movie.douban.com/subject/1303418/,https://img3.doubanio.com/view/photo/s_ratio_poster/public/p1339915772.jpg
贾达·弗雷德兰德：美国是美国最棒的国家,9.2,美国,喜剧,https://movie.douban.com/subject/27149822/,https://img1.doubanio.com/view/photo/s_ratio_poster/public/p2504460157.jpg
乔治·卡林：你们都有病,9.2,美国,喜剧,https://movie.douban.com/subject/4199429/,https://img3.doubanio.com/view/photo/s_ratio_poster/public/p2508661126.jpg
乔治·卡林：挤在纽约,9.2,美国,喜剧,https://movie.douban.com/subject/3706177/,https://img3.doubanio.com/view/photo/s_ratio_poster/public/p2508661554.jpg
欢乐树的朋友们：第二发球,9.2,美国,喜剧,https://movie.douban.com/subject/1393471/,https://img3.doubanio.com/view/photo/s_ratio_poster/public/p2559163201.jpg
欢乐树的朋友们：第三击,9.2,美国,喜剧,https://movie.douban.com/subject/1393472/,https://img3.doubanio.com/view/subject/l/public/s1806711.jpg
拉塞尔·皮特斯：红白褐,9.2,美国,喜剧,https://movie.douban.com/subject/3578890/,https://img3.doubanio.com/view/photo/s_ratio_poster/public/p2538593044.jpg
乔治·卡林：人生因失而值,9.3,美国,喜剧,https://movie.douban.com/subject/3095617/,https://img3.doubanio.com/view/photo/s_ratio_poster/public/p2165125235.jpg
彭彭丁满历险记-电影版,9.2,美国,喜剧,https://movie.douban.com/subject/26921914/,https://img3.doubanio.com/view/photo/s_ratio_poster/public/p2410665360.jpg
周六夜现场：贾斯汀·汀布莱克/Ciara,9.2,美国,喜剧,https://movie.douban.com/subject/6727006/,https://img3.doubanio.com/view/photo/s_ratio_poster/public/p1866167902.jpg
史努比，回家吧,9.2,美国,喜剧,https://movie.douban.com/subject/1297777/,https://img1.doubanio.com/view/subject/l/public/s1788447.jpg
"Russell Peters: Two Concerts, One Ticket",9.2,美国,喜剧,https://movie.douban.com/subject/6087827/,https://img1.doubanio.com/view/subject/l/public/s4699657.jpg
周六夜现场,9.2,美国,喜剧,https://movie.douban.com/subject/2346297/,https://img3.doubanio.com/view/photo/s_ratio_poster/public/p836398212.jpg
周六夜现场：贾斯汀·丁伯莱克,9.2,美国,喜剧,https://movie.douban.com/subject/6713364/,https://img3.doubanio.com/view/photo/s_ratio_poster/public/p1835772460.jpg
哈利同人音乐剧第一部,9.2,美国,喜剧,https://movie.douban.com/subject/20388406/,https://img3.doubanio.com/view/photo/s_ratio_poster/public/p2191854174.jpg
罪恶魔头,9.2,美国,喜剧,https://movie.douban.com/subject/3142057/,https://img3.doubanio.com/view/photo/s_ratio_poster/public/p2515572872.jpg
寻梦环游记,9.1,美国,喜剧,https://movie.douban.com/subject/20495023/,https://img1.doubanio.com/view/photo/s_ratio_poster/public/p2503997609.jpg
淘金记,9.1,美国,喜剧,https://movie.douban.com/subject/1298817/,https://img3.doubanio.com/view/photo/s_ratio_poster/public/p1581774481.jpg
马戏团,9.1,美国,喜剧,https://movie.douban.com/subject/1299628/,https://img3.doubanio.com/view/photo/s_ratio_poster/public/p2248445275.jpg
欢乐树的朋友们,9.1,美国,喜剧,https://movie.douban.com/subject/4181031/,https://img3.doubanio.com/view/photo/s_ratio_poster/public/p2533709702.jpg
欢乐树的朋友们：赶尽杀绝,9.1,美国,喜剧,https://movie.douban.com/subject/3075070/,https://img3.doubanio.com/view/subject/l/public/s1806732.jpg
周六夜现场：贾斯汀·汀布莱克,9.1,美国,喜剧,https://movie.douban.com/subject/21361552/,https://img3.doubanio.com/view/photo/s_ratio_poster/public/p1894383482.jpg
蓬松哥：我不是胖…我是福相,9.1,美国,喜剧,https://movie.douban.com/subject/5244254/,https://img3.doubanio.com/view/subject/l/public/s4455546.jpg
人鼠之间,9.1,美国,喜剧,https://movie.douban.com/subject/26431592/,https://img3.doubanio.com/view/photo/s_ratio_poster/public/p2252276881.jpg
欢乐树的朋友们：滑雪巡逻救生队,9.1,美国,喜剧,https://movie.douban.com/subject/3075092/,https://img3.doubanio.com/view/subject/l/public/s3622650.jpg
杰夫·唐纳姆：跟自己吵架,9.1,美国,喜剧,https://movie.douban.com/subject/2363540/,https://img3.doubanio.com/view/photo/s_ratio_poster/public/p2515501144.jpg
冷气礼堂的喧哗: 比尔·奥雷利 vs. 囧司徒,9.1,美国,喜剧,https://movie.douban.com/subject/19961485/,https://img1.doubanio.com/view/photo/s_ratio_poster/public/p1717230188.jpg
周六夜现场：贝蒂·怀特/Jay-Z,9.1,美国,喜剧,https://movie.douban.com/subject/4706591/,https://img3.doubanio.com/view/photo/s_ratio_poster/public/p2362999490.jpg
周六夜现场：金·凯瑞/Soundgarden,9.1,美国,喜剧,https://movie.douban.com/subject/5973957/,https://img1.doubanio.com/view/photo/s_ratio_poster/public/p1764557799.jpg
探险活宝之钻石与柠檬,9.1,美国,喜剧,https://movie.douban.com/subject/30279151/,https://img3.doubanio.com/view/photo/s_ratio_poster/public/p2528511070.jpg
星期天与乔治同游公园,9.1,美国,喜剧,https://movie.douban.com/subject/1304265/,https://img3.doubanio.com/view/photo/s_ratio_poster/public/p2526000471.jpg
怦然心动,9.0,美国,喜剧,https://movie.douban.com/subject/3319755/,https://img3.doubanio.com/view/photo/s_ratio_poster/public/p663036666.jpg
飞屋环游记,9.0,美国,喜剧,https://movie.douban.com/subject/2129039/,https://img3.doubanio.com/view/photo/s_ratio_poster/public/p485887754.jpg
罗马假日,9.0,美国,喜剧,https://movie.douban.com/subject/1293839/,https://img3.doubanio.com/view/photo/s_ratio_poster/public/p2189265085.jpg
雨中曲,9.0,美国,喜剧,https://movie.douban.com/subject/1293460/,https://img3.doubanio.com/view/photo/s_ratio_poster/public/p1612355875.jpg
大独裁者,9.0,美国,喜剧,https://movie.douban.com/subject/1295646/,https://img3.doubanio.com/view/photo/s_ratio_poster/public/p1960167314.jpg
将军号,9.0,美国,喜剧,https://movie.douban.com/subject/1292778/,https://img3.doubanio.com/view/photo/s_ratio_poster/public/p2248676081.jpg
西力传,9.0,美国,喜剧,https://movie.douban.com/subject/1293846/,https://img3.doubanio.com/view/photo/s_ratio_poster/public/p2119299252.jpg
欢乐树的朋友们：第一滴血,9.0,美国,喜剧,https://movie.douban.com/subject/1393470/,https://img1.doubanio.com/view/subject/l/public/s1806727.jpg
周六夜现场：本·阿弗莱克/坎耶·威斯特,9.0,美国,喜剧,https://movie.douban.com/subject/24521861/,https://img1.doubanio.com/view/photo/s_ratio_poster/public/p2456874717.jpg
欲望都市：告别,9.0,美国,喜剧,https://movie.douban.com/subject/5226309/,https://img1.doubanio.com/view/photo/s_ratio_poster/public/p2500588479.jpg
杰夫·敦哈姆:混乱特工,9.0,美国,喜剧,https://movie.douban.com/subject/6866452/,https://img3.doubanio.com/view/photo/s_ratio_poster/public/p2515501645.jpg
辛普森一家：家庭治疗,9.0,美国,喜剧,https://movie.douban.com/subject/1850674/,https://img3.doubanio.com/view/subject/l/public/s1742552.jpg
拉里·戴维：消消气,9.0,美国,喜剧,https://movie.douban.com/subject/4893726/,https://img3.doubanio.com/view/photo/s_ratio_poster/public/p2500849806.jpg
做我的情人吧，查理·布朗,9.0,美国,喜剧,https://movie.douban.com/subject/2972559/,https://img3.doubanio.com/view/photo/s_ratio_poster/public/p2531986271.jpg
黄子华栋笃笑之金盘𠺘口,9.5,中国香港,喜剧,https://movie.douban.com/subject/30203557/,https://img1.doubanio.com/view/photo/s_ratio_poster/public/p2527089368.jpg
跟住去边度,9.3,中国香港,喜剧,https://movie.douban.com/subject/26767519/,https://img3.doubanio.com/view/photo/s_ratio_poster/public/p2329970542.jpg
大话西游之大圣娶亲,9.2,中国香港,喜剧,https://movie.douban.com/subject/1292213/,https://img3.doubanio.com/view/photo/s_ratio_poster/public/p2455050536.jpg
大话西游之月光宝盒,9.0,中国香港,喜剧,https://movie.douban.com/subject/1299398/,https://img3.doubanio.com/view/photo/s_ratio_poster/public/p2561721372.jpg
我和我的女孩,9.5,日本,喜剧,https://movie.douban.com/subject/11577118/,https://img3.doubanio.com/view/photo/s_ratio_poster/public/p2510934952.jpg
校园疯神榜！2015,9.4,日本,喜剧,https://movie.douban.com/subject/26657143/,https://img3.doubanio.com/view/photo/s_ratio_poster/public/p2280411490.jpg
蜡笔小新之呼风唤雨！大人帝国的反击,9.2,日本,喜剧,https://movie.douban.com/subject/1958667/,https://img3.doubanio.com/view/photo/s_ratio_poster/public/p2327107485.jpg
虎与龙SP,9.2,日本,喜剧,https://movie.douban.com/subject/3118848/,https://img3.doubanio.com/view/photo/s_ratio_poster/public/p809505182.jpg
银魂剧场版：新译红樱篇,9.1,日本,喜剧,https://movie.douban.com/subject/4122194/,https://img3.doubanio.com/view/photo/s_ratio_poster/public/p612363092.jpg
最完美的离婚 2014特别篇,9.1,日本,喜剧,https://movie.douban.com/subject/25790749/,https://img1.doubanio.com/view/photo/s_ratio_poster/public/p2186872257.jpg
倒数第二次恋爱 2012秋SP,9.1,日本,喜剧,https://movie.douban.com/subject/19955789/,https://img3.doubanio.com/view/photo/s_ratio_poster/public/p1998695160.jpg
胜者即是正义SP,9.0,日本,喜剧,https://movie.douban.com/subject/21332518/,https://img3.doubanio.com/view/photo/s_ratio_poster/public/p2151557606.jpg
凉宫春日的消失,9.0,日本,喜剧,https://movie.douban.com/subject/4074292/,https://img3.doubanio.com/view/photo/s_ratio_poster/public/p2246432125.jpg
孤独的美食家新春SP：严冬之北海道·旭川出差篇,9.0,日本,喜剧,https://movie.douban.com/subject/26682874/,https://img3.doubanio.com/view/photo/s_ratio_poster/public/p2294143791.jpg
吹响悠风号 TV未放送回,9.0,日本,喜剧,https://movie.douban.com/subject/26616166/,https://img3.doubanio.com/view/photo/s_ratio_poster/public/p2296859646.jpg
木更津猫眼 世界系列,9.0,日本,喜剧,https://movie.douban.com/subject/1793394/,https://img3.doubanio.com/view/photo/s_ratio_poster/public/p764157116.jpg
日本之形,9.0,日本,喜剧,https://movie.douban.com/subject/2085511/,https://img3.doubanio.com/view/photo/s_ratio_poster/public/p2558662745.jpg
悠哉日常大王 OAD,9.0,日本,喜剧,https://movie.douban.com/subject/25779156/,https://img3.doubanio.com/view/photo/s_ratio_poster/public/p2190356194.jpg
从漫画了解！Fate/Grand Order,9.0,日本,喜剧,https://movie.douban.com/subject/30420108/,https://img3.doubanio.com/view/photo/s_ratio_poster/public/p2544435095.jpg
寅次郎的故事48：寅次郎红之花,9.0,日本,喜剧,https://movie.douban.com/subject/1417013/,https://img3.doubanio.com/view/photo/s_ratio_poster/public/p2333007595.jpg
是，大臣 1984圣诞特辑,9.8,英国,喜剧,https://movie.douban.com/subject/26725031/,https://img3.doubanio.com/view/photo/s_ratio_poster/public/p2397258764.jpg
憨豆先生精选辑,9.6,英国,喜剧,https://movie.douban.com/subject/5133063/,https://img3.doubanio.com/view/photo/s_ratio_poster/public/p2354179225.jpg
无事生非 (2011年伦敦Wyndham剧院版),9.5,英国,喜剧,https://movie.douban.com/subject/26763132/,https://img1.doubanio.com/view/photo/s_ratio_poster/public/p2328040727.jpg
第十二夜,9.5,英国,喜剧,https://movie.douban.com/subject/26715548/,https://img3.doubanio.com/view/photo/s_ratio_poster/public/p2543298085.jpg
绅士联盟舞台剧,9.5,英国,喜剧,https://movie.douban.com/subject/20491284/,https://img3.doubanio.com/view/photo/s_ratio_poster/public/p2235065102.jpg
跳出我天地音乐剧,9.4,英国,喜剧,https://movie.douban.com/subject/26264388/,https://img3.doubanio.com/view/photo/s_ratio_poster/public/p2215874393.jpg
文艺趣向,9.4,英国,喜剧,https://movie.douban.com/subject/26637592/,https://img1.doubanio.com/view/photo/s_ratio_poster/public/p2474429728.jpg
五位(还嫌少)博士重启,9.4,英国,喜剧,https://movie.douban.com/subject/25777719/,https://img1.doubanio.com/view/photo/s_ratio_poster/public/p2160377148.jpg
一点双人秀(试播集),9.4,英国,喜剧,https://movie.douban.com/subject/24153305/,https://img3.doubanio.com/view/photo/s_ratio_poster/public/p2179016244.jpg
浅希近求：迪兰·莫兰精选,9.4,英国,喜剧,https://movie.douban.com/subject/5913043/,https://img1.doubanio.com/view/subject/l/public/s4596109.jpg
极品基老伴：完结篇,9.3,英国,喜剧,https://movie.douban.com/subject/26700818/,https://img3.doubanio.com/view/photo/s_ratio_poster/public/p2509440210.jpg
西蒙·阿姆斯特尔：顺其自然,9.3,英国,喜剧,https://movie.douban.com/subject/6309377/,https://img3.doubanio.com/view/photo/s_ratio_poster/public/p2184490255.jpg
迪兰·莫兰：脱身,9.3,英国,喜剧,https://movie.douban.com/subject/26691373/,https://img1.doubanio.com/view/photo/s_ratio_poster/public/p2298274199.jpg
西蒙·阿姆斯特尔：麻木,9.3,英国,喜剧,https://movie.douban.com/subject/24333957/,https://img1.doubanio.com/view/photo/s_ratio_poster/public/p1950952327.jpg
幕后危机(特别版),9.3,英国,喜剧,https://movie.douban.com/subject/10573682/,https://img3.doubanio.com/view/photo/s_ratio_poster/public/p2560891461.jpg
神奇动物管理员之红鼻子日秀,9.3,英国,喜剧,https://movie.douban.com/subject/1957936/,https://img3.doubanio.com/view/photo/s_ratio_poster/public/p2512983620.jpg
IT狂人特别篇,9.2,英国,喜剧,https://movie.douban.com/subject/20453087/,https://img3.doubanio.com/view/photo/s_ratio_poster/public/p2183667933.jpg
丹尼尔·斯洛斯：现场表演,9.2,英国,喜剧,https://movie.douban.com/subject/30312425/,https://img3.doubanio.com/view/photo/s_ratio_poster/public/p2536540213.jpg
极品基老伴：2013圣诞特辑,9.2,英国,喜剧,https://movie.douban.com/subject/25758898/,https://img3.doubanio.com/view/photo/s_ratio_poster/public/p2187166976.jpg
绅士联盟 圣诞特辑,9.2,英国,喜剧,https://movie.douban.com/subject/20277075/,https://img3.doubanio.com/view/photo/s_ratio_poster/public/p2508625981.jpg
威尼斯商人,9.2,英国,喜剧,https://movie.douban.com/subject/30246422/,https://img3.doubanio.com/view/photo/s_ratio_poster/public/p2524744994.jpg
新贵2017圣诞特辑,9.2,英国,喜剧,https://movie.douban.com/subject/27168693/,https://img1.doubanio.com/view/photo/s_ratio_poster/public/p2551718108.jpg
迪兰·莫兰：怪兽,9.2,英国,喜剧,https://movie.douban.com/subject/1957933/,https://img3.doubanio.com/view/photo/s_ratio_poster/public/p2517976601.jpg
帕迪下一个最好的事情,9.2,英国,喜剧,https://movie.douban.com/subject/1863428/,https://img3.doubanio.com/view/photo/s_ratio_poster/public/p2532865741.jpg
Jam,9.2,英国,喜剧,https://movie.douban.com/subject/2077558/,https://img3.doubanio.com/view/subject/l/public/s2401735.jpg
两杆大烟枪,9.1,英国,喜剧,https://movie.douban.com/subject/1293350/,https://img1.doubanio.com/view/photo/s_ratio_poster/public/p792443418.jpg
流浪者之歌,9.1,英国,喜剧,https://movie.douban.com/subject/1303525/,https://img3.doubanio.com/view/photo/s_ratio_poster/public/p2384320756.jpg
迪兰·莫兰：是什么？,9.1,英国,喜剧,https://movie.douban.com/subject/4850732/,https://img3.doubanio.com/view/photo/s_ratio_poster/public/p2517976810.jpg
阿曼动画之超级无敌掌门狗系列2,9.1,英国,喜剧,https://movie.douban.com/subject/1305745/,https://img3.doubanio.com/view/photo/s_ratio_poster/public/p2220140456.jpg
班班和莉莉的小王国,9.1,英国,喜剧,https://movie.douban.com/subject/5169462/,https://img3.doubanio.com/view/photo/s_ratio_poster/public/p2264503315.jpg
出租车司机冒险记,9.1,英国,喜剧,https://movie.douban.com/subject/4705150/,https://img3.doubanio.com/view/photo/s_ratio_poster/public/p2502580762.jpg
临时演员圣诞特辑,9.1,英国,喜剧,https://movie.douban.com/subject/2377036/,https://img3.doubanio.com/view/subject/l/public/s3914200.jpg
莫扎特 歌剧《唐·乔万尼》（唐璜）,9.1,英国,喜剧,https://movie.douban.com/subject/1877242/,https://img3.doubanio.com/view/subject/l/public/s1812251.jpg
欢乐树的朋友们：第一滴血,9.0,英国,喜剧,https://movie.douban.com/subject/1393470/,https://img1.doubanio.com/view/subject/l/public/s1806727.jpg
阿德曼动画精选：超级无敌掌门狗,9.0,英国,喜剧,https://movie.douban.com/subject/1294132/,https://img3.doubanio.com/view/subject/l/public/s1480000.jpg
深夜小狗离奇事件,9.0,英国,喜剧,https://movie.douban.com/subject/25698399/,https://img1.doubanio.com/view/photo/s_ratio_poster/public/p2091465967.jpg
不可儿戏,9.0,英国,喜剧,https://movie.douban.com/subject/26764902/,https://img1.doubanio.com/view/photo/s_ratio_poster/public/p2328684277.jpg
小不列颠：现场版,9.0,英国,喜剧,https://movie.douban.com/subject/1957937/,https://img1.doubanio.com/view/subject/l/public/s2752947.jpg
彩虹,9.0,英国,喜剧,https://movie.douban.com/subject/1971485/,https://img3.doubanio.com/view/photo/s_ratio_poster/public/p503390374.jpg
布朗夫人的儿子们：2015圣诞特别篇,9.0,英国,喜剧,https://movie.douban.com/subject/26698398/,https://img3.doubanio.com/view/photo/s_ratio_poster/public/p2310452506.jpg
触不可及,9.2,法国,喜剧,https://movie.douban.com/subject/6786002/,https://img1.doubanio.com/view/photo/s_ratio_poster/public/p1454259399.jpg
冠军理发师,9.2,法国,喜剧,https://movie.douban.com/subject/5115829/,https://img1.doubanio.com/view/photo/s_ratio_poster/public/p2554851119.jpg
"加油,法国队!",9.0,法国,喜剧,https://movie.douban.com/subject/3700124/,https://img3.doubanio.com/view/photo/s_ratio_poster/public/p2557471702.jpg
梦工厂,9.1,德国,喜剧,https://movie.douban.com/subject/33456124/,https://img3.doubanio.com/view/photo/s_ratio_poster/public/p2557285324.jpg
旅途守护天使,9.0,德国,喜剧,https://movie.douban.com/subject/2150421/,https://img3.doubanio.com/view/photo/s_ratio_poster/public/p2512170801.jpg
美丽人生,9.5,意大利,喜剧,https://movie.douban.com/subject/1292063/,https://img3.doubanio.com/view/photo/s_ratio_poster/public/p510861873.jpg
流浪者之歌,9.1,意大利,喜剧,https://movie.douban.com/subject/1303525/,https://img3.doubanio.com/view/photo/s_ratio_poster/public/p2384320756.jpg
三傻大闹宝莱坞,9.2,印度,喜剧,https://movie.douban.com/subject/3793023/,https://img3.doubanio.com/view/photo/s_ratio_poster/public/p579729551.jpg
彩虹,9.0,加拿大,喜剧,https://movie.douban.com/subject/1971485/,https://img3.doubanio.com/view/photo/s_ratio_poster/public/p503390374.jpg
汉纳·盖茨比告别秀：娜娜,9.4,澳大利亚,喜剧,https://movie.douban.com/subject/30253080/,https://img3.doubanio.com/view/photo/s_ratio_poster/public/p2525732775.jpg
迪兰·莫兰：是什么？,9.1,澳大利亚,喜剧,https://movie.douban.com/subject/4850732/,https://img3.doubanio.com/view/photo/s_ratio_poster/public/p2517976810.jpg
克拉姆一家2,9.0,丹麦,喜剧,https://movie.douban.com/subject/1775004/,https://img3.doubanio.com/view/photo/s_ratio_poster/public/p2512170335.jpg
霸王别姬,9.6,中国大陆,爱情,https://movie.douban.com/subject/1291546/,https://img3.doubanio.com/view/photo/s_ratio_poster/public/p2561716440.jpg
牡丹亭,9.4,中国大陆,爱情,https://movie.douban.com/subject/4731050/,https://img1.doubanio.com/view/photo/s_ratio_poster/public/p2365538258.jpg
大话西游之大圣娶亲,9.2,中国大陆,爱情,https://movie.douban.com/subject/1292213/,https://img3.doubanio.com/view/photo/s_ratio_poster/public/p2455050536.jpg
狐妖小红娘剧场版：月红篇,9.2,中国大陆,爱情,https://movie.douban.com/subject/26972694/,https://img3.doubanio.com/view/photo/s_ratio_poster/public/p2427045524.jpg
狐妖小红娘剧场版：王权富贵,9.2,中国大陆,爱情,https://movie.douban.com/subject/26946612/,https://img3.doubanio.com/view/photo/s_ratio_poster/public/p2409467410.jpg
哀乐中年,9.2,中国大陆,爱情,https://movie.douban.com/subject/4719384/,https://img3.doubanio.com/view/photo/s_ratio_poster/public/p2029574250.jpg
芙蓉镇,9.1,中国大陆,爱情,https://movie.douban.com/subject/1297880/,https://img3.doubanio.com/view/photo/s_ratio_poster/public/p2174804034.jpg
大宅门,9.1,中国大陆,爱情,https://movie.douban.com/subject/5301572/,https://img3.doubanio.com/view/photo/s_ratio_poster/public/p1964425586.jpg
大话西游之月光宝盒,9.0,中国大陆,爱情,https://movie.douban.com/subject/1299398/,https://img3.doubanio.com/view/photo/s_ratio_poster/public/p2561721372.jpg
红楼梦,9.0,中国大陆,爱情,https://movie.douban.com/subject/1329969/,https://img3.doubanio.com/view/photo/s_ratio_poster/public/p2322451692.jpg
游园惊梦,9.0,中国大陆,爱情,https://movie.douban.com/subject/11593132/,https://img3.doubanio.com/view/photo/s_ratio_poster/public/p2535520230.jpg
越剧红楼梦,9.0,中国大陆,爱情,https://movie.douban.com/subject/4827535/,https://img3.doubanio.com/view/subject/l/public/s4356746.jpg
情探,9.0,中国大陆,爱情,https://movie.douban.com/subject/4739983/,https://img3.doubanio.com/view/photo/s_ratio_poster/public/p2397714766.jpg
阿甘正传,9.5,美国,爱情,https://movie.douban.com/subject/1292720/,https://img3.doubanio.com/view/photo/s_ratio_poster/public/p2559011361.jpg
泰坦尼克号,9.4,美国,爱情,https://movie.douban.com/subject/1292722/,https://img3.doubanio.com/view/photo/s_ratio_poster/public/p457760035.jpg
机器人总动员,9.3,美国,爱情,https://movie.douban.com/subject/2131459/,https://img3.doubanio.com/view/photo/s_ratio_poster/public/p1461851991.jpg
乱世佳人,9.3,美国,爱情,https://movie.douban.com/subject/1300267/,https://img3.doubanio.com/view/photo/s_ratio_poster/public/p1963126880.jpg
摩登时代,9.3,美国,爱情,https://movie.douban.com/subject/1294371/,https://img3.doubanio.com/view/photo/s_ratio_poster/public/p2173707976.jpg
城市之光,9.3,美国,爱情,https://movie.douban.com/subject/1293908/,https://img1.doubanio.com/view/photo/s_ratio_poster/public/p2170238828.jpg
生活多美好,9.2,美国,爱情,https://movie.douban.com/subject/1293749/,https://img1.doubanio.com/view/photo/s_ratio_poster/public/p771490367.jpg
淘金记,9.1,美国,爱情,https://movie.douban.com/subject/1298817/,https://img3.doubanio.com/view/photo/s_ratio_poster/public/p1581774481.jpg
马戏团,9.1,美国,爱情,https://movie.douban.com/subject/1299628/,https://img3.doubanio.com/view/photo/s_ratio_poster/public/p2248445275.jpg
怦然心动,9.0,美国,爱情,https://movie.douban.com/subject/3319755/,https://img3.doubanio.com/view/photo/s_ratio_poster/public/p663036666.jpg
罗马假日,9.0,美国,爱情,https://movie.douban.com/subject/1293839/,https://img3.doubanio.com/view/photo/s_ratio_poster/public/p2189265085.jpg
音乐之声,9.0,美国,爱情,https://movie.douban.com/subject/1294408/,https://img3.doubanio.com/view/photo/s_ratio_poster/public/p2189265302.jpg
雨中曲,9.0,美国,爱情,https://movie.douban.com/subject/1293460/,https://img3.doubanio.com/view/photo/s_ratio_poster/public/p1612355875.jpg
霸王别姬,9.6,中国香港,爱情,https://movie.douban.com/subject/1291546/,https://img3.doubanio.com/view/photo/s_ratio_poster/public/p2561716440.jpg
大话西游之大圣娶亲,9.2,中国香港,爱情,https://movie.douban.com/subject/1292213/,https://img3.doubanio.com/view/photo/s_ratio_poster/public/p2455050536.jpg
南海十三郎,9.2,中国香港,爱情,https://movie.douban.com/subject/1303913/,https://img1.doubanio.com/view/photo/s_ratio_poster/public/p2328424489.jpg
紫钗记,9.2,中国香港,爱情,https://movie.douban.com/subject/1401219/,https://img1.doubanio.com/view/photo/s_ratio_poster/public/p2274298717.jpg
蝶影红梨记,9.1,中国香港,爱情,https://movie.douban.com/subject/4047730/,https://img3.doubanio.com/view/photo/s_ratio_poster/public/p2517260323.jpg
大话西游之月光宝盒,9.0,中国香港,爱情,https://movie.douban.com/subject/1299398/,https://img3.doubanio.com/view/photo/s_ratio_poster/public/p2561721372.jpg
上海滩,9.0,中国香港,爱情,https://movie.douban.com/subject/6311260/,https://img3.doubanio.com/view/photo/s_ratio_poster/public/p2344833803.jpg
一一,9.0,中国台湾,爱情,https://movie.douban.com/subject/1292434/,https://img3.doubanio.com/view/photo/s_ratio_poster/public/p2567845803.jpg
我和我的女孩,9.5,日本,爱情,https://movie.douban.com/subject/11577118/,https://img3.doubanio.com/view/photo/s_ratio_poster/public/p2510934952.jpg
飄,9.5,日本,爱情,https://movie.douban.com/subject/26555978/,https://img3.doubanio.com/view/photo/s_ratio_poster/public/p2256610543.jpg
元气少女缘结神OVA：神明 幸福美满,9.2,日本,爱情,https://movie.douban.com/subject/26899000/,https://img3.doubanio.com/view/photo/s_ratio_poster/public/p2391890320.jpg
最完美的离婚 2014特别篇,9.1,日本,爱情,https://movie.douban.com/subject/25790749/,https://img1.doubanio.com/view/photo/s_ratio_poster/public/p2186872257.jpg
情迷意乱,9.1,日本,爱情,https://movie.douban.com/subject/1422091/,https://img3.doubanio.com/view/photo/s_ratio_poster/public/p1449763371.jpg
倒数第二次恋爱 2012秋SP,9.1,日本,爱情,https://movie.douban.com/subject/19955789/,https://img3.doubanio.com/view/photo/s_ratio_poster/public/p1998695160.jpg
高智能方程式赛车 TV总集篇,9.1,日本,爱情,https://movie.douban.com/subject/4906417/,https://img3.doubanio.com/view/subject/l/public/s4412555.jpg
一一,9.0,日本,爱情,https://movie.douban.com/subject/1292434/,https://img3.doubanio.com/view/photo/s_ratio_poster/public/p2567845803.jpg
吹响悠风号 TV未放送回,9.0,日本,爱情,https://movie.douban.com/subject/26616166/,https://img3.doubanio.com/view/photo/s_ratio_poster/public/p2296859646.jpg
寅次郎的故事48：寅次郎红之花,9.0,日本,爱情,https://movie.douban.com/subject/1417013/,https://img3.doubanio.com/view/photo/s_ratio_poster/public/p2333007595.jpg
草地恋歌,9.2,韩国,爱情,https://movie.douban.com/subject/30238371/,https://img3.doubanio.com/view/photo/s_ratio_poster/public/p2523789644.jpg
我爱你,9.0,韩国,爱情,https://movie.douban.com/subject/5908478/,https://img1.doubanio.com/view/photo/s_ratio_poster/public/p1075591188.jpg
无事生非 (2011年伦敦Wyndham剧院版),9.5,英国,爱情,https://movie.douban.com/subject/26763132/,https://img1.doubanio.com/view/photo/s_ratio_poster/public/p2328040727.jpg
帕迪下一个最好的事情,9.2,英国,爱情,https://movie.douban.com/subject/1863428/,https://img3.doubanio.com/view/photo/s_ratio_poster/public/p2532865741.jpg
巴黎圣母院,9.4,法国,爱情,https://movie.douban.com/subject/20326557/,https://img3.doubanio.com/view/photo/s_ratio_poster/public/p2329626263.jpg
罗密欧与朱丽叶,9.4,法国,爱情,https://movie.douban.com/subject/25928148/,https://img3.doubanio.com/view/photo/s_ratio_poster/public/p2224933614.jpg
天堂电影院,9.2,法国,爱情,https://movie.douban.com/subject/1291828/,https://img1.doubanio.com/view/photo/s_ratio_poster/public/p2559577569.jpg
沉静如海,9.1,法国,爱情,https://movie.douban.com/subject/1769507/,https://img1.doubanio.com/view/photo/s_ratio_poster/public/p2531484208.jpg
卡比利亚之夜,9.0,法国,爱情,https://movie.douban.com/subject/1294781/,https://img1.doubanio.com/view/photo/s_ratio_poster/public/p2204675868.jpg
梦工厂,9.1,德国,爱情,https://movie.douban.com/subject/33456124/,https://img3.doubanio.com/view/photo/s_ratio_poster/public/p2557285324.jpg
美丽人生,9.5,意大利,爱情,https://movie.douban.com/subject/1292063/,https://img3.doubanio.com/view/photo/s_ratio_poster/public/p510861873.jpg
灿烂人生,9.4,意大利,爱情,https://movie.douban.com/subject/1291831/,https://img3.doubanio.com/view/photo/s_ratio_poster/public/p1161132422.jpg
天堂电影院,9.2,意大利,爱情,https://movie.douban.com/subject/1291828/,https://img1.doubanio.com/view/photo/s_ratio_poster/public/p2559577569.jpg
卡比利亚之夜,9.0,意大利,爱情,https://movie.douban.com/subject/1294781/,https://img1.doubanio.com/view/photo/s_ratio_poster/public/p2204675868.jpg
三傻大闹宝莱坞,9.2,印度,爱情,https://movie.douban.com/subject/3793023/,https://img3.doubanio.com/view/photo/s_ratio_poster/public/p579729551.jpg
莫娣,9.0,加拿大,爱情,https://movie.douban.com/subject/25938803/,https://img3.doubanio.com/view/photo/s_ratio_poster/public/p2431089276.jpg
莫娣,9.0,爱尔兰,爱情,https://movie.douban.com/subject/25938803/,https://img3.doubanio.com/view/photo/s_ratio_poster/public/p2431089276.jpg
婚姻生活,9.0,瑞典,爱情,https://movie.douban.com/subject/1292981/,https://img1.doubanio.com/view/photo/s_ratio_poster/public/p2037298187.jpg
盗梦空间,9.3,美国,科幻,https://movie.douban.com/subject/3541415/,https://img3.doubanio.com/view/photo/s_ratio_poster/public/p513344864.jpg
星际穿越,9.3,美国,科幻,https://movie.douban.com/subject/1889243/,https://img3.doubanio.com/view/photo/s_ratio_poster/public/p2206088801.jpg
机器人总动员,9.3,美国,科幻,https://movie.douban.com/subject/2131459/,https://img3.doubanio.com/view/photo/s_ratio_poster/public/p1461851991.jpg
楚门的世界,9.2,美国,科幻,https://movie.douban.com/subject/1292064/,https://img3.doubanio.com/view/photo/s_ratio_poster/public/p479682972.jpg
超感猎杀：完结特别篇,9.2,美国,科幻,https://movie.douban.com/subject/27040774/,https://img3.doubanio.com/view/photo/s_ratio_poster/public/p2520264840.jpg
Ben 10：变身之谜,9.2,美国,科幻,https://movie.douban.com/subject/5187955/,https://img1.doubanio.com/view/photo/s_ratio_poster/public/p2320482809.jpg
蝙蝠侠：黑暗骑士,9.1,美国,科幻,https://movie.douban.com/subject/1851857/,https://img3.doubanio.com/view/photo/s_ratio_poster/public/p462657443.jpg
新世纪福音战士剧场版：Air/真心为你,9.4,日本,科幻,https://movie.douban.com/subject/1308892/,https://img3.doubanio.com/view/photo/s_ratio_poster/public/p453716993.jpg
福音战士新剧场版：破,9.3,日本,科幻,https://movie.douban.com/subject/2567646/,https://img3.doubanio.com/view/photo/s_ratio_poster/public/p1026522114.jpg
新世纪福音战士剧场版：复兴,9.3,日本,科幻,https://movie.douban.com/subject/20458867/,https://img3.doubanio.com/view/photo/s_ratio_poster/public/p2227584460.jpg
新世纪福音战士剧场版：死与新生,9.2,日本,科幻,https://movie.douban.com/subject/1455442/,https://img3.doubanio.com/view/photo/s_ratio_poster/public/p454134242.jpg
机动战士高达 THE ORIGIN III 破晓的起义,9.2,日本,科幻,https://movie.douban.com/subject/26359261/,https://img3.doubanio.com/view/photo/s_ratio_poster/public/p2325456546.jpg
新世纪福音战士 第0:0话 诞生之始,9.2,日本,科幻,https://movie.douban.com/subject/26306741/,https://img1.doubanio.com/view/photo/s_ratio_poster/public/p2560431118.jpg
新世纪福音战士 第0:0'话 来自黑暗之光,9.2,日本,科幻,https://movie.douban.com/subject/25815018/,https://img3.doubanio.com/view/photo/s_ratio_poster/public/p2560431234.jpg
福音战士新剧场版：序,9.1,日本,科幻,https://movie.douban.com/subject/1968790/,https://img3.doubanio.com/view/photo/s_ratio_poster/public/p2411110730.jpg
攻壳机动队2：无罪,9.1,日本,科幻,https://movie.douban.com/subject/1291566/,https://img1.doubanio.com/view/photo/s_ratio_poster/public/p1910832189.jpg
机动战士高达 THE ORIGIN IV 命运前夜,9.1,日本,科幻,https://movie.douban.com/subject/26359260/,https://img3.doubanio.com/view/photo/s_ratio_poster/public/p2409626594.jpg
银河英雄传说：我的征途是星辰大海,9.1,日本,科幻,https://movie.douban.com/subject/3542206/,https://img3.doubanio.com/view/photo/s_ratio_poster/public/p486657453.jpg
银河英雄传说：新战争的序曲,9.1,日本,科幻,https://movie.douban.com/subject/3542229/,https://img3.doubanio.com/view/photo/s_ratio_poster/public/p2518590956.jpg
高智能方程式赛车 TV总集篇,9.1,日本,科幻,https://movie.douban.com/subject/4906417/,https://img3.doubanio.com/view/subject/l/public/s4412555.jpg
红辣椒,9.0,日本,科幻,https://movie.douban.com/subject/1865703/,https://img3.doubanio.com/view/photo/s_ratio_poster/public/p672363704.jpg
攻壳机动队,9.0,日本,科幻,https://movie.douban.com/subject/1291936/,https://img3.doubanio.com/view/photo/s_ratio_poster/public/p1910922395.jpg
凉宫春日的消失,9.0,日本,科幻,https://movie.douban.com/subject/4074292/,https://img3.doubanio.com/view/photo/s_ratio_poster/public/p2246432125.jpg
机动战士高达：逆袭的夏亚,9.0,日本,科幻,https://movie.douban.com/subject/1401536/,https://img3.doubanio.com/view/photo/s_ratio_poster/public/p546980785.jpg
赛文奥特曼 我是地球人,9.0,日本,科幻,https://movie.douban.com/subject/5041031/,https://img3.doubanio.com/view/photo/s_ratio_poster/public/p2547616522.jpg
赛文奥特曼 光荣与传说,9.0,日本,科幻,https://movie.douban.com/subject/5041026/,https://img3.doubanio.com/view/subject/l/public/s4445212.jpg
盗梦空间,9.3,英国,科幻,https://movie.douban.com/subject/3541415/,https://img3.doubanio.com/view/photo/s_ratio_poster/public/p513344864.jpg
星际穿越,9.3,英国,科幻,https://movie.douban.com/subject/1889243/,https://img3.doubanio.com/view/photo/s_ratio_poster/public/p2206088801.jpg
神秘博士特别篇：时间尽头(下),9.3,英国,科幻,https://movie.douban.com/subject/4215755/,https://img1.doubanio.com/view/photo/s_ratio_poster/public/p2151699747.jpg
蝙蝠侠：黑暗骑士,9.1,英国,科幻,https://movie.douban.com/subject/1851857/,https://img3.doubanio.com/view/photo/s_ratio_poster/public/p462657443.jpg
黑镜：圣诞特别篇,9.1,英国,科幻,https://movie.douban.com/subject/25964630/,https://img3.doubanio.com/view/photo/s_ratio_poster/public/p2233676442.jpg
神秘博士圣诞时刻,9.1,英国,科幻,https://movie.douban.com/subject/21354158/,https://img3.doubanio.com/view/subject/l/public/s24976003.jpg
神秘博士：火星之水,9.0,英国,科幻,https://movie.douban.com/subject/4144683/,https://img3.doubanio.com/view/photo/s_ratio_poster/public/p2151616662.jpg
虚幻勇士,9.3,法国,科幻,https://movie.douban.com/subject/3667535/,https://img3.doubanio.com/view/subject/l/public/s3724393.jpg
大都会,9.0,德国,科幻,https://movie.douban.com/subject/1298107/,https://img3.doubanio.com/view/photo/s_ratio_poster/public/p906689323.jpg
星际穿越,9.3,加拿大,科幻,https://movie.douban.com/subject/1889243/,https://img3.doubanio.com/view/photo/s_ratio_poster/public/p2206088801.jpg
